Round,Pick Number,Current Team,Original Team,Year
1,1,Cardinals,Cardinals,2027
1,2,49ers,49ers,2027
1,3,Seahawks,Seahawks,2027
1,4,Rams,Rams,2027
1,5,Falcons,Falcons,2027
1,6,Saints,Saints,2027
1,7,Panthers,Panthers,2027
1,8,Buccaneers,Buccaneers,2027
1,9,Bears,Bears,2027
1,10,Lions,Lions,2027
1,11,Packers,Packers,2027
1,12,Vikings,Vikings,2027
1,13,Cowboys,Cowboys,2027
1,14,Eagles,Eagles,2027
1,15,Commanders,Commanders,2027
1,16,Giants,Giants,2027
1,17,Bills,Bills,2027
1,18,Dolphins,Dolphins,2027
1,19,Jets,Jets,2027
1,20,Patriots,Patriots,2027
1,21,Ravens,Ravens,2027
1,22,Bengals,Bengals,2027
1,23,Browns,Browns,2027
1,24,Steelers,Steelers,2027
1,25,Texans,Texans,2027
1,26,Colts,Colts,2027
1,27,Jaguars,Jaguars,2027
1,28,Titans,Titans,2027
1,29,Chiefs,Chiefs,2027
1,30,Raiders,Raiders,2027
1,31,Chargers,Chargers,2027
1,32,Broncos,Broncos,2027
2,1,Cardinals,Cardinals,2027
2,2,49ers,49ers,2027
2,3,Seahawks,Seahawks,2027
2,4,Rams,Rams,2027
2,5,Falcons,Falcons,2027
2,6,Saints,Saints,2027
2,7,Panthers,Panthers,2027
2,8,Buccaneers,Buccaneers,2027
2,9,Bears,Bears,2027
2,10,Lions,Lions,2027
2,11,Packers,Packers,2027
2,12,Vikings,Vikings,2027
2,13,Cowboys,Cowboys,2027
2,14,Eagles,Eagles,2027
2,15,Commanders,Commanders,2027
2,16,Giants,Giants,2027
2,17,Bills,Bills,2027
2,18,Dolphins,Dolphins,2027
2,19,Jets,Jets,2027
2,20,Patriots,Patriots,2027
2,21,Ravens,Ravens,2027
2,22,Bengals,Bengals,2027
2,23,Browns,Browns,2027
2,24,Steelers,Steelers,2027
2,25,Texans,Texans,2027
2,26,Colts,Colts,2027
2,27,Jaguars,Jaguars,2027
2,28,Titans,Titans,2027
2,29,Chiefs,Chiefs,2027
2,30,Raiders,Raiders,2027
2,31,Chargers,Chargers,2027
2,32,Broncos,Broncos,2027
3,1,Cardinals,Cardinals,2027
3,2,49ers,49ers,2027
3,3,Seahawks,Seahawks,2027
3,4,Rams,Rams,2027
3,5,Falcons,Falcons,2027
3,6,Saints,Saints,2027
3,7,Panthers,Panthers,2027
3,8,Buccaneers,Buccaneers,2027
3,9,Bears,Bears,2027
3,10,Lions,Lions,2027
3,11,Packers,Packers,2027
3,12,Vikings,Vikings,2027
3,13,Cowboys,Cowboys,2027
3,14,Eagles,Eagles,2027
3,15,Commanders,Commanders,2027
3,16,Giants,Giants,2027
3,17,Bills,Bills,2027
3,18,Dolphins,Dolphins,2027
3,19,Jets,Jets,2027
3,20,Patriots,Patriots,2027
3,21,Ravens,Ravens,2027
3,22,Bengals,Bengals,2027
3,23,Browns,Browns,2027
3,24,Steelers,Steelers,2027
3,25,Texans,Texans,2027
3,26,Colts,Colts,2027
3,27,Jaguars,Jaguars,2027
3,28,Titans,Titans,2027
3,29,Chiefs,Chiefs,2027
3,30,Raiders,Raiders,2027
3,31,Chargers,Chargers,2027
3,32,Broncos,Broncos,2027
4,1,Cardinals,Cardinals,2027
4,2,49ers,49ers,2027
4,3,Seahawks,Seahawks,2027
4,4,Rams,Rams,2027
4,5,Falcons,Falcons,2027
4,6,Saints,Saints,2027
4,7,Panthers,Panthers,2027
4,8,Buccaneers,Buccaneers,2027
4,9,Bears,Bears,2027
4,10,Lions,Lions,2027
4,11,Packers,Packers,2027
4,12,Vikings,Vikings,2027
4,13,Cowboys,Cowboys,2027
4,14,Eagles,Eagles,2027
4,15,Commanders,Commanders,2027
4,16,Giants,Giants,2027
4,17,Bills,Bills,2027
4,18,Dolphins,Dolphins,2027
4,19,Jets,Jets,2027
4,20,Patriots,Patriots,2027
4,21,Ravens,Ravens,2027
4,22,Bengals,Bengals,2027
4,23,Browns,Browns,2027
4,24,Steelers,Steelers,2027
4,25,Texans,Texans,2027
4,26,Colts,Colts,2027
4,27,Jaguars,Jaguars,2027
4,28,Titans,Titans,2027
4,29,Chiefs,Chiefs,2027
4,30,Raiders,Raiders,2027
4,31,Chargers,Chargers,2027
4,32,Broncos,Broncos,2027
5,1,Cardinals,Cardinals,2027
5,2,49ers,49ers,2027
5,3,Seahawks,Seahawks,2027
5,4,Rams,Rams,2027
5,5,Falcons,Falcons,2027
5,6,Saints,Saints,2027
5,7,Panthers,Panthers,2027
5,8,Buccaneers,Buccaneers,2027
5,9,Bears,Bears,2027
5,10,Lions,Lions,2027
5,11,Packers,Packers,2027
5,12,Vikings,Vikings,2027
5,13,Cowboys,Cowboys,2027
5,14,Eagles,Eagles,2027
5,15,Commanders,Commanders,2027
5,16,Giants,Giants,2027
5,17,Bills,Bills,2027
5,18,Dolphins,Dolphins,2027
5,19,Jets,Jets,2027
5,20,Patriots,Patriots,2027
5,21,Ravens,Ravens,2027
5,22,Bengals,Bengals,2027
5,23,Browns,Browns,2027
5,24,Steelers,Steelers,2027
5,25,Texans,Texans,2027
5,26,Colts,Colts,2027
5,27,Jaguars,Jaguars,2027
5,28,Titans,Titans,2027
5,29,Chiefs,Chiefs,2027
5,30,Raiders,Raiders,2027
5,31,Chargers,Chargers,2027
5,32,Broncos,Broncos,2027
6,1,Cardinals,Cardinals,2027
6,2,49ers,49ers,2027
6,3,Seahawks,Seahawks,2027
6,4,Rams,Rams,2027
6,5,Falcons,Falcons,2027
6,6,Saints,Saints,2027
6,7,Panthers,Panthers,2027
6,8,Buccaneers,Buccaneers,2027
6,9,Bears,Bears,2027
6,10,Lions,Lions,2027
6,11,Packers,Packers,2027
6,12,Vikings,Vikings,2027
6,13,Cowboys,Cowboys,2027
6,14,Eagles,Eagles,2027
6,15,Commanders,Commanders,2027
6,16,Giants,Giants,2027
6,17,Bills,Bills,2027
6,18,Dolphins,Dolphins,2027
6,19,Jets,Jets,2027
6,20,Patriots,Patriots,2027
6,21,Ravens,Ravens,2027
6,22,Bengals,Bengals,2027
6,23,Browns,Browns,2027
6,24,Steelers,Steelers,2027
6,25,Texans,Texans,2027
6,26,Colts,Colts,2027
6,27,Jaguars,Jaguars,2027
6,28,Titans,Titans,2027
6,29,Chiefs,Chiefs,2027
6,30,Raiders,Raiders,2027
6,31,Chargers,Chargers,2027
6,32,Broncos,Broncos,2027
7,1,Cardinals,Cardinals,2027
7,2,49ers,49ers,2027
7,3,Seahawks,Seahawks,2027
7,4,Rams,Rams,2027
7,5,Falcons,Falcons,2027
7,6,Saints,Saints,2027
7,7,Panthers,Panthers,2027
7,8,Buccaneers,Buccaneers,2027
