Name,Position,College,Rank,Year
2027 Prospect 001,QB,Ohio State,1,2027
2027 Prospect 002,RB,Georgia,2,2027
2027 Prospect 003,WR,Texas,3,2027
2027 Prospect 004,TE,LSU,4,2027
2027 Prospect 005,OT,USC,5,2027
2027 Prospect 006,IOL,Michigan,6,2027
2027 Prospect 007,DE,Oregon,7,2027
2027 Prospect 008,DT,Notre Dame,8,2027
2027 Prospect 009,LB,Clemson,9,2027
2027 Prospect 010,CB,Miami,10,2027
2027 Prospect 011,S,Penn State,11,2027
2027 Prospect 012,QB,Auburn,12,2027
2027 Prospect 013,RB,Tennessee,13,2027
2027 Prospect 014,WR,Florida,14,2027
2027 Prospect 015,TE,Oklahoma,15,2027
2027 Prospect 016,OT,Arizona State,16,2027
2027 Prospect 017,IOL,North Carolina,17,2027
2027 Prospect 018,DE,Texas A&M,18,2027
2027 Prospect 019,DT,Stanford,19,2027
2027 Prospect 020,LB,Alabama,20,2027
2027 Prospect 021,CB,Ohio State,21,2027
2027 Prospect 022,S,Georgia,22,2027
2027 Prospect 023,QB,Texas,23,2027
2027 Prospect 024,RB,LSU,24,2027
2027 Prospect 025,WR,USC,25,2027
2027 Prospect 026,TE,Michigan,26,2027
2027 Prospect 027,OT,Oregon,27,2027
2027 Prospect 028,IOL,Notre Dame,28,2027
2027 Prospect 029,DE,Clemson,29,2027
2027 Prospect 030,DT,Miami,30,2027
2027 Prospect 031,LB,Penn State,31,2027
2027 Prospect 032,CB,Auburn,32,2027
2027 Prospect 033,S,Tennessee,33,2027
2027 Prospect 034,QB,Florida,34,2027
2027 Prospect 035,RB,Oklahoma,35,2027
2027 Prospect 036,WR,Arizona State,36,2027
2027 Prospect 037,TE,North Carolina,37,2027
2027 Prospect 038,OT,Texas A&M,38,2027
2027 Prospect 039,IOL,Stanford,39,2027
2027 Prospect 040,DE,Alabama,40,2027
2027 Prospect 041,DT,Ohio State,41,2027
2027 Prospect 042,LB,Georgia,42,2027
2027 Prospect 043,CB,Texas,43,2027
2027 Prospect 044,S,LSU,44,2027
2027 Prospect 045,QB,USC,45,2027
2027 Prospect 046,RB,Michigan,46,2027
2027 Prospect 047,WR,Oregon,47,2027
2027 Prospect 048,TE,Notre Dame,48,2027
2027 Prospect 049,OT,Clemson,49,2027
2027 Prospect 050,IOL,Miami,50,2027
2027 Prospect 051,DE,Penn State,51,2027
2027 Prospect 052,DT,Auburn,52,2027
2027 Prospect 053,LB,Tennessee,53,2027
2027 Prospect 054,CB,Florida,54,2027
2027 Prospect 055,S,Oklahoma,55,2027
2027 Prospect 056,QB,Arizona State,56,2027
2027 Prospect 057,RB,North Carolina,57,2027
2027 Prospect 058,WR,Texas A&M,58,2027
2027 Prospect 059,TE,Stanford,59,2027
2027 Prospect 060,OT,Alabama,60,2027
2027 Prospect 061,IOL,Ohio State,61,2027
2027 Prospect 062,DE,Georgia,62,2027
2027 Prospect 063,DT,Texas,63,2027
2027 Prospect 064,LB,LSU,64,2027
2027 Prospect 065,CB,USC,65,2027
2027 Prospect 066,S,Michigan,66,2027
2027 Prospect 067,QB,Oregon,67,2027
2027 Prospect 068,RB,Notre Dame,68,2027
2027 Prospect 069,WR,Clemson,69,2027
2027 Prospect 070,TE,Miami,70,2027
2027 Prospect 071,OT,Penn State,71,2027
2027 Prospect 072,IOL,Auburn,72,2027
2027 Prospect 073,DE,Tennessee,73,2027
2027 Prospect 074,DT,Florida,74,2027
2027 Prospect 075,LB,Oklahoma,75,2027
2027 Prospect 076,CB,Arizona State,76,2027
2027 Prospect 077,S,North Carolina,77,2027
2027 Prospect 078,QB,Texas A&M,78,2027
2027 Prospect 079,RB,Stanford,79,2027
2027 Prospect 080,WR,Alabama,80,2027
2027 Prospect 081,TE,Ohio State,81,2027
2027 Prospect 082,OT,Georgia,82,2027
2027 Prospect 083,IOL,Texas,83,2027
2027 Prospect 084,DE,LSU,84,2027
2027 Prospect 085,DT,USC,85,2027
2027 Prospect 086,LB,Michigan,86,2027
2027 Prospect 087,CB,Oregon,87,2027
2027 Prospect 088,S,Notre Dame,88,2027
2027 Prospect 089,QB,Clemson,89,2027
2027 Prospect 090,RB,Miami,90,2027
2027 Prospect 091,WR,Penn State,91,2027
2027 Prospect 092,TE,Auburn,92,2027
2027 Prospect 093,OT,Tennessee,93,2027
2027 Prospect 094,IOL,Florida,94,2027
2027 Prospect 095,DE,Oklahoma,95,2027
2027 Prospect 096,DT,Arizona State,96,2027
2027 Prospect 097,LB,North Carolina,97,2027
2027 Prospect 098,CB,Texas A&M,98,2027
2027 Prospect 099,S,Stanford,99,2027
2027 Prospect 100,QB,Alabama,100,2027
2027 Prospect 101,RB,Ohio State,101,2027
2027 Prospect 102,WR,Georgia,102,2027
2027 Prospect 103,TE,Texas,103,2027
2027 Prospect 104,OT,LSU,104,2027
2027 Prospect 105,IOL,USC,105,2027
2027 Prospect 106,DE,Michigan,106,2027
2027 Prospect 107,DT,Oregon,107,2027
2027 Prospect 108,LB,Notre Dame,108,2027
2027 Prospect 109,CB,Clemson,109,2027
2027 Prospect 110,S,Miami,110,2027
2027 Prospect 111,QB,Penn State,111,2027
2027 Prospect 112,RB,Auburn,112,2027
2027 Prospect 113,WR,Tennessee,113,2027
2027 Prospect 114,TE,Florida,114,2027
2027 Prospect 115,OT,Oklahoma,115,2027
2027 Prospect 116,IOL,Arizona State,116,2027
2027 Prospect 117,DE,North Carolina,117,2027
2027 Prospect 118,DT,Texas A&M,118,2027
2027 Prospect 119,LB,Stanford,119,2027
2027 Prospect 120,CB,Alabama,120,2027
2027 Prospect 121,S,Ohio State,121,2027
2027 Prospect 122,QB,Georgia,122,2027
2027 Prospect 123,RB,Texas,123,2027
2027 Prospect 124,WR,LSU,124,2027
2027 Prospect 125,TE,USC,125,2027
2027 Prospect 126,OT,Michigan,126,2027
2027 Prospect 127,IOL,Oregon,127,2027
2027 Prospect 128,DE,Notre Dame,128,2027
2027 Prospect 129,DT,Clemson,129,2027
2027 Prospect 130,LB,Miami,130,2027
2027 Prospect 131,CB,Penn State,131,2027
2027 Prospect 132,S,Auburn,132,2027
2027 Prospect 133,QB,Tennessee,133,2027
2027 Prospect 134,RB,Florida,134,2027
2027 Prospect 135,WR,Oklahoma,135,2027
2027 Prospect 136,TE,Arizona State,136,2027
2027 Prospect 137,OT,North Carolina,137,2027
2027 Prospect 138,IOL,Texas A&M,138,2027
2027 Prospect 139,DE,Stanford,139,2027
2027 Prospect 140,DT,Alabama,140,2027
2027 Prospect 141,LB,Ohio State,141,2027
2027 Prospect 142,CB,Georgia,142,2027
2027 Prospect 143,S,Texas,143,2027
2027 Prospect 144,QB,LSU,144,2027
2027 Prospect 145,RB,USC,145,2027
2027 Prospect 146,WR,Michigan,146,2027
2027 Prospect 147,TE,Oregon,147,2027
2027 Prospect 148,OT,Notre Dame,148,2027
2027 Prospect 149,IOL,Clemson,149,2027
2027 Prospect 150,DE,Miami,150,2027
2027 Prospect 151,DT,Penn State,151,2027
2027 Prospect 152,LB,Auburn,152,2027
2027 Prospect 153,CB,Tennessee,153,2027
2027 Prospect 154,S,Florida,154,2027
2027 Prospect 155,QB,Oklahoma,155,2027
2027 Prospect 156,RB,Arizona State,156,2027
2027 Prospect 157,WR,North Carolina,157,2027
2027 Prospect 158,TE,Texas A&M,158,2027
2027 Prospect 159,OT,Stanford,159,2027
2027 Prospect 160,IOL,Alabama,160,2027
2027 Prospect 161,DE,Ohio State,161,2027
2027 Prospect 162,DT,Georgia,162,2027
2027 Prospect 163,LB,Texas,163,2027
2027 Prospect 164,CB,LSU,164,2027
2027 Prospect 165,S,USC,165,2027
2027 Prospect 166,QB,Michigan,166,2027
2027 Prospect 167,RB,Oregon,167,2027
2027 Prospect 168,WR,Notre Dame,168,2027
2027 Prospect 169,TE,Clemson,169,2027
2027 Prospect 170,OT,Miami,170,2027
2027 Prospect 171,IOL,Penn State,171,2027
2027 Prospect 172,DE,Auburn,172,2027
2027 Prospect 173,DT,Tennessee,173,2027
2027 Prospect 174,LB,Florida,174,2027
2027 Prospect 175,CB,Oklahoma,175,2027
2027 Prospect 176,S,Arizona State,176,2027
2027 Prospect 177,QB,North Carolina,177,2027
2027 Prospect 178,RB,Texas A&M,178,2027
2027 Prospect 179,WR,Stanford,179,2027
2027 Prospect 180,TE,Alabama,180,2027
2027 Prospect 181,OT,Ohio State,181,2027
2027 Prospect 182,IOL,Georgia,182,2027
2027 Prospect 183,DE,Texas,183,2027
2027 Prospect 184,DT,LSU,184,2027
2027 Prospect 185,LB,USC,185,2027
2027 Prospect 186,CB,Michigan,186,2027
2027 Prospect 187,S,Oregon,187,2027
2027 Prospect 188,QB,Notre Dame,188,2027
2027 Prospect 189,RB,Clemson,189,2027
2027 Prospect 190,WR,Miami,190,2027
2027 Prospect 191,TE,Penn State,191,2027
2027 Prospect 192,OT,Auburn,192,2027
2027 Prospect 193,IOL,Tennessee,193,2027
2027 Prospect 194,DE,Florida,194,2027
2027 Prospect 195,DT,Oklahoma,195,2027
2027 Prospect 196,LB,Arizona State,196,2027
2027 Prospect 197,CB,North Carolina,197,2027
2027 Prospect 198,S,Texas A&M,198,2027
2027 Prospect 199,QB,Stanford,199,2027
2027 Prospect 200,RB,Alabama,200,2027
